customer_id,customer_name,city,customer_segment
1,Customer_001,Delhi,Regular
2,Customer_002,Chennai,Regular
3,Customer_003,Pune,Regular
4,Customer_004,Delhi,Premium
5,Customer_005,Bengaluru,Regular
6,Customer_006,Pune,VIP
7,Customer_007,Pune,Regular
8,Customer_008,Delhi,Premium
9,Customer_009,Warangal,Regular
10,Customer_010,Bengaluru,Regular
11,Customer_011,Delhi,Premium
12,Customer_012,Bengaluru,Regular
13,Customer_013,Bengaluru,Regular
14,Customer_014,Pune,VIP
15,Customer_015,Chennai,Premium
16,Customer_016,Bengaluru,Regular
17,Customer_017,Mumbai,Regular
18,Customer_018,Pune,Regular
19,Customer_019,Warangal,Premium
20,Customer_020,Chennai,Regular
21,Customer_021,Mumbai,Regular
22,Customer_022,Mumbai,Regular
23,Customer_023,Warangal,Regular
24,Customer_024,Chennai,Premium
25,Customer_025,Pune,Regular
26,Customer_026,Hyderabad,VIP
27,Customer_027,Chennai,Regular
28,Customer_028,Warangal,Regular
29,Customer_029,Mumbai,Regular
30,Customer_030,Pune,Regular
31,Customer_031,Chennai,VIP
32,Customer_032,Hyderabad,Regular
33,Customer_033,Hyderabad,Regular
34,Customer_034,Bengaluru,Premium
35,Customer_035,Bengaluru,Regular
36,Customer_036,Delhi,Premium
37,Customer_037,Warangal,Regular
38,Customer_038,Chennai,Regular
39,Customer_039,Chennai,Regular
40,Customer_040,Delhi,Regular
41,Customer_041,Mumbai,Regular
42,Customer_042,Mumbai,Regular
43,Customer_043,Delhi,Regular
44,Customer_044,Mumbai,Regular
45,Customer_045,Bengaluru,VIP
46,Customer_046,Chennai,Regular
47,Customer_047,Delhi,Regular
48,Customer_048,Chennai,Premium
49,Customer_049,Hyderabad,Premium
50,Customer_050,Bengaluru,Regular
51,Customer_051,Pune,Regular
52,Customer_052,Bengaluru,Regular
53,Customer_053,Delhi,Regular
54,Customer_054,Pune,VIP
55,Customer_055,Hyderabad,Premium
56,Customer_056,Delhi,Regular
57,Customer_057,Warangal,Regular
58,Customer_058,Chennai,VIP
59,Customer_059,Hyderabad,Regular
60,Customer_060,Chennai,Regular
61,Customer_061,Mumbai,Premium
62,Customer_062,Warangal,Regular
63,Customer_063,Warangal,VIP
64,Customer_064,Hyderabad,VIP
65,Customer_065,Warangal,Premium
66,Customer_066,Pune,Regular
67,Customer_067,Warangal,Premium
68,Customer_068,Chennai,Premium
69,Customer_069,Chennai,Regular
70,Customer_070,Delhi,Regular
71,Customer_071,Chennai,Premium
72,Customer_072,Delhi,Premium
73,Customer_073,Chennai,Regular
74,Customer_074,Pune,Premium
75,Customer_075,Delhi,Premium
76,Customer_076,Bengaluru,Regular
77,Customer_077,Mumbai,Regular
78,Customer_078,Hyderabad,Regular
79,Customer_079,Chennai,Regular
80,Customer_080,Warangal,Regular
81,Customer_081,Chennai,Regular
82,Customer_082,Warangal,Regular
83,Customer_083,Mumbai,Premium
84,Customer_084,Mumbai,Regular
85,Customer_085,Mumbai,Premium
86,Customer_086,Warangal,Regular
87,Customer_087,Chennai,Regular
88,Customer_088,Mumbai,Regular
89,Customer_089,Pune,Premium
90,Customer_090,Delhi,Regular
91,Customer_091,Warangal,VIP
92,Customer_092,Warangal,Regular
93,Customer_093,Chennai,Regular
94,Customer_094,Warangal,VIP
95,Customer_095,Warangal,Regular
96,Customer_096,Mumbai,Regular
97,Customer_097,Chennai,Regular
98,Customer_098,Mumbai,Regular
99,Customer_099,Delhi,Premium
100,Customer_100,Delhi,Regular
101,Customer_101,Mumbai,Regular
102,Customer_102,Delhi,Regular
103,Customer_103,Chennai,Premium
104,Customer_104,Hyderabad,Regular
105,Customer_105,Mumbai,Regular
106,Customer_106,Pune,Premium
107,Customer_107,Pune,Premium
108,Customer_108,Warangal,Regular
109,Customer_109,Delhi,Regular
110,Customer_110,Pune,Regular
111,Customer_111,Warangal,Regular
112,Customer_112,Hyderabad,Regular
113,Customer_113,Chennai,Regular
114,Customer_114,Chennai,Regular
115,Customer_115,Chennai,Regular
116,Customer_116,Pune,VIP
117,Customer_117,Hyderabad,Premium
118,Customer_118,Pune,Regular
119,Customer_119,Delhi,VIP
120,Customer_120,Pune,Premium
121,Customer_121,Hyderabad,Regular
122,Customer_122,Hyderabad,Regular
123,Customer_123,Delhi,Regular
124,Customer_124,Hyderabad,Regular
125,Customer_125,Hyderabad,Regular
126,Customer_126,Chennai,Regular
127,Customer_127,Delhi,Regular
128,Customer_128,Bengaluru,VIP
129,Customer_129,Bengaluru,Premium
130,Customer_130,Hyderabad,Regular
131,Customer_131,Bengaluru,VIP
132,Customer_132,Bengaluru,VIP
133,Customer_133,Hyderabad,VIP
134,Customer_134,Bengaluru,Regular
135,Customer_135,Pune,Premium
136,Customer_136,Warangal,Regular
137,Customer_137,Delhi,Premium
138,Customer_138,Warangal,VIP
139,Customer_139,Hyderabad,Premium
140,Customer_140,Chennai,Premium
141,Customer_141,Delhi,Premium
142,Customer_142,Hyderabad,Premium
143,Customer_143,Chennai,Regular
144,Customer_144,Warangal,Regular
145,Customer_145,Hyderabad,Regular
146,Customer_146,Delhi,Premium
147,Customer_147,Delhi,Regular
148,Customer_148,Mumbai,Regular
149,Customer_149,Pune,Regular
150,Customer_150,Bengaluru,Regular
151,Customer_151,Chennai,Premium
152,Customer_152,Mumbai,Premium
153,Customer_153,Bengaluru,Regular
154,Customer_154,Bengaluru,VIP
155,Customer_155,Hyderabad,Regular
156,Customer_156,Bengaluru,Regular
157,Customer_157,Pune,Premium
158,Customer_158,Delhi,Regular
159,Customer_159,Mumbai,Regular
160,Customer_160,Bengaluru,Premium
161,Customer_161,Hyderabad,Regular
162,Customer_162,Pune,Regular
163,Customer_163,Warangal,Regular
164,Customer_164,Delhi,Regular
165,Customer_165,Delhi,Regular
166,Customer_166,Mumbai,Regular
167,Customer_167,Delhi,Premium
168,Customer_168,Bengaluru,Premium
169,Customer_169,Hyderabad,Premium
170,Customer_170,Delhi,Premium
171,Customer_171,Delhi,Premium
172,Customer_172,Warangal,Regular
173,Customer_173,Warangal,Regular
174,Customer_174,Chennai,Regular
175,Customer_175,Pune,Regular
176,Customer_176,Bengaluru,Regular
177,Customer_177,Delhi,Regular
178,Customer_178,Delhi,Premium
179,Customer_179,Hyderabad,VIP
180,Customer_180,Chennai,Regular
181,Customer_181,Pune,Regular
182,Customer_182,Chennai,Regular
183,Customer_183,Mumbai,VIP
184,Customer_184,Pune,VIP
185,Customer_185,Delhi,Regular
186,Customer_186,Delhi,Premium
187,Customer_187,Pune,Regular
188,Customer_188,Delhi,Regular
189,Customer_189,Bengaluru,Regular
190,Customer_190,Pune,Regular
191,Customer_191,Chennai,VIP
192,Customer_192,Pune,Premium
193,Customer_193,Delhi,Regular
194,Customer_194,Bengaluru,Premium
195,Customer_195,Bengaluru,VIP
196,Customer_196,Mumbai,VIP
197,Customer_197,Chennai,Regular
198,Customer_198,Warangal,Regular
199,Customer_199,Warangal,Regular
200,Customer_200,Pune,Regular
201,Customer_201,Mumbai,Regular
202,Customer_202,Hyderabad,Regular
203,Customer_203,Pune,Regular
204,Customer_204,Mumbai,Regular
205,Customer_205,Chennai,Regular
206,Customer_206,Chennai,Regular
207,Customer_207,Chennai,Regular
208,Customer_208,Chennai,Regular
209,Customer_209,Chennai,Regular
210,Customer_210,Mumbai,Regular
211,Customer_211,Mumbai,Regular
212,Customer_212,Bengaluru,Regular
213,Customer_213,Warangal,Regular
214,Customer_214,Delhi,Regular
215,Customer_215,Chennai,Regular
216,Customer_216,Hyderabad,VIP
217,Customer_217,Delhi,Regular
218,Customer_218,Mumbai,Regular
219,Customer_219,Hyderabad,VIP
220,Customer_220,Hyderabad,Regular
221,Customer_221,Hyderabad,Premium
222,Customer_222,Bengaluru,Regular
223,Customer_223,Mumbai,Regular
224,Customer_224,Hyderabad,Regular
225,Customer_225,Chennai,Premium
226,Customer_226,Pune,Regular
227,Customer_227,Hyderabad,VIP
228,Customer_228,Bengaluru,Regular
229,Customer_229,Delhi,Premium
230,Customer_230,Mumbai,Regular
231,Customer_231,Bengaluru,Premium
232,Customer_232,Hyderabad,Regular
233,Customer_233,Mumbai,Regular
234,Customer_234,Pune,Regular
235,Customer_235,Hyderabad,Regular
236,Customer_236,Bengaluru,Regular
237,Customer_237,Warangal,Regular
238,Customer_238,Chennai,Premium
239,Customer_239,Delhi,Regular
240,Customer_240,Bengaluru,Premium
241,Customer_241,Mumbai,VIP
242,Customer_242,Hyderabad,Regular
243,Customer_243,Chennai,Premium
244,Customer_244,Hyderabad,Premium
245,Customer_245,Mumbai,Regular
246,Customer_246,Hyderabad,Regular
247,Customer_247,Warangal,Regular
248,Customer_248,Chennai,Regular
249,Customer_249,Chennai,Regular
250,Customer_250,Mumbai,Regular
251,Customer_251,Delhi,Premium
252,Customer_252,Warangal,Premium
253,Customer_253,Bengaluru,Regular
254,Customer_254,Hyderabad,Regular
255,Customer_255,Pune,Regular
256,Customer_256,Hyderabad,Regular
257,Customer_257,Hyderabad,Regular
258,Customer_258,Bengaluru,Premium
259,Customer_259,Hyderabad,Regular
260,Customer_260,Warangal,Premium
261,Customer_261,Warangal,VIP
262,Customer_262,Chennai,Regular
263,Customer_263,Mumbai,Premium
264,Customer_264,Delhi,Regular
265,Customer_265,Pune,Regular
266,Customer_266,Hyderabad,Regular
267,Customer_267,Hyderabad,Premium
268,Customer_268,Bengaluru,Regular
269,Customer_269,Mumbai,Premium
270,Customer_270,Warangal,VIP
271,Customer_271,Pune,Regular
272,Customer_272,Chennai,VIP
273,Customer_273,Warangal,Regular
274,Customer_274,Mumbai,Regular
275,Customer_275,Delhi,Regular
276,Customer_276,Chennai,Regular
277,Customer_277,Delhi,Premium
278,Customer_278,Bengaluru,Regular
279,Customer_279,Bengaluru,Regular
280,Customer_280,Hyderabad,VIP
281,Customer_281,Delhi,Regular
282,Customer_282,Mumbai,Regular
283,Customer_283,Pune,Premium
284,Customer_284,Chennai,Premium
285,Customer_285,Warangal,Regular
286,Customer_286,Mumbai,Premium
287,Customer_287,Mumbai,Premium
288,Customer_288,Bengaluru,Regular
289,Customer_289,Delhi,Regular
290,Customer_290,Hyderabad,Regular
291,Customer_291,Hyderabad,Regular
292,Customer_292,Chennai,Regular
293,Customer_293,Bengaluru,Regular
294,Customer_294,Mumbai,Regular
295,Customer_295,Pune,Regular
296,Customer_296,Bengaluru,Regular
297,Customer_297,Chennai,Regular
298,Customer_298,Chennai,Regular
299,Customer_299,Bengaluru,Premium
300,Customer_300,Chennai,Regular
301,Customer_301,Bengaluru,Premium
302,Customer_302,Warangal,Regular
303,Customer_303,Bengaluru,Premium
304,Customer_304,Delhi,Regular
305,Customer_305,Bengaluru,VIP
306,Customer_306,Chennai,Regular
307,Customer_307,Delhi,Regular
308,Customer_308,Chennai,Premium
309,Customer_309,Hyderabad,Regular
310,Customer_310,Hyderabad,Regular
311,Customer_311,Delhi,Regular
312,Customer_312,Warangal,Regular
313,Customer_313,Hyderabad,Regular
314,Customer_314,Bengaluru,Regular
315,Customer_315,Chennai,Premium
316,Customer_316,Hyderabad,Regular
317,Customer_317,Hyderabad,Regular
318,Customer_318,Warangal,Regular
319,Customer_319,Delhi,Regular
320,Customer_320,Delhi,Regular
321,Customer_321,Mumbai,Premium
322,Customer_322,Warangal,Regular
323,Customer_323,Bengaluru,Regular
324,Customer_324,Delhi,Regular
325,Customer_325,Chennai,Regular
326,Customer_326,Warangal,Premium
327,Customer_327,Hyderabad,Regular
328,Customer_328,Chennai,Regular
329,Customer_329,Chennai,VIP
330,Customer_330,Hyderabad,Regular
331,Customer_331,Warangal,VIP
332,Customer_332,Hyderabad,Regular
333,Customer_333,Mumbai,Premium
334,Customer_334,Chennai,Regular
335,Customer_335,Pune,Premium
336,Customer_336,Pune,Regular
337,Customer_337,Bengaluru,Regular
338,Customer_338,Delhi,Regular
339,Customer_339,Hyderabad,Premium
340,Customer_340,Hyderabad,Premium
341,Customer_341,Bengaluru,Premium
342,Customer_342,Bengaluru,Regular
343,Customer_343,Bengaluru,Premium
344,Customer_344,Chennai,Regular
345,Customer_345,Mumbai,Regular
346,Customer_346,Hyderabad,Regular
347,Customer_347,Chennai,Premium
348,Customer_348,Bengaluru,Regular
349,Customer_349,Hyderabad,Regular
350,Customer_350,Chennai,Premium
351,Customer_351,Mumbai,Regular
352,Customer_352,Chennai,Regular
353,Customer_353,Mumbai,Regular
354,Customer_354,Bengaluru,Regular
355,Customer_355,Mumbai,Regular
356,Customer_356,Hyderabad,Regular
357,Customer_357,Bengaluru,Regular
358,Customer_358,Hyderabad,Regular
359,Customer_359,Pune,Regular
360,Customer_360,Warangal,Premium
361,Customer_361,Mumbai,Regular
362,Customer_362,Warangal,Regular
363,Customer_363,Warangal,Regular
364,Customer_364,Mumbai,Regular
365,Customer_365,Bengaluru,Regular
366,Customer_366,Pune,Premium
367,Customer_367,Hyderabad,Regular
368,Customer_368,Chennai,Regular
369,Customer_369,Hyderabad,Regular
370,Customer_370,Chennai,Regular
371,Customer_371,Hyderabad,VIP
372,Customer_372,Mumbai,Regular
373,Customer_373,Pune,Regular
374,Customer_374,Chennai,Regular
375,Customer_375,Delhi,Regular
376,Customer_376,Bengaluru,Premium
377,Customer_377,Hyderabad,Regular
378,Customer_378,Hyderabad,Premium
379,Customer_379,Chennai,Regular
380,Customer_380,Bengaluru,Premium
381,Customer_381,Bengaluru,Regular
382,Customer_382,Mumbai,Regular
383,Customer_383,Delhi,Premium
384,Customer_384,Mumbai,VIP
385,Customer_385,Mumbai,Premium
386,Customer_386,Mumbai,Regular
387,Customer_387,Mumbai,VIP
388,Customer_388,Mumbai,Regular
389,Customer_389,Pune,VIP
390,Customer_390,Bengaluru,Regular
391,Customer_391,Mumbai,Premium
392,Customer_392,Bengaluru,Premium
393,Customer_393,Bengaluru,Premium
394,Customer_394,Warangal,Regular
395,Customer_395,Pune,Regular
396,Customer_396,Mumbai,Premium
397,Customer_397,Hyderabad,Regular
398,Customer_398,Chennai,VIP
399,Customer_399,Delhi,Premium
400,Customer_400,Hyderabad,Regular
401,Customer_401,Pune,Premium
402,Customer_402,Chennai,Regular
403,Customer_403,Pune,Premium
404,Customer_404,Bengaluru,Premium
405,Customer_405,Chennai,Regular
406,Customer_406,Bengaluru,Regular
407,Customer_407,Hyderabad,VIP
408,Customer_408,Hyderabad,Regular
409,Customer_409,Chennai,Regular
410,Customer_410,Chennai,Regular
411,Customer_411,Mumbai,Regular
412,Customer_412,Pune,Regular
413,Customer_413,Mumbai,Regular
414,Customer_414,Pune,Regular
415,Customer_415,Mumbai,Premium
416,Customer_416,Bengaluru,Regular
417,Customer_417,Chennai,Regular
418,Customer_418,Hyderabad,Regular
419,Customer_419,Pune,Regular
420,Customer_420,Pune,Regular
421,Customer_421,Hyderabad,Regular
422,Customer_422,Mumbai,Premium
423,Customer_423,Pune,Regular
424,Customer_424,Delhi,Premium
425,Customer_425,Bengaluru,Premium
426,Customer_426,Chennai,Regular
427,Customer_427,Hyderabad,VIP
428,Customer_428,Chennai,VIP
429,Customer_429,Delhi,Regular
430,Customer_430,Pune,Regular
431,Customer_431,Pune,VIP
432,Customer_432,Delhi,Premium
433,Customer_433,Hyderabad,Regular
434,Customer_434,Bengaluru,Premium
435,Customer_435,Warangal,Premium
436,Customer_436,Hyderabad,Premium
437,Customer_437,Warangal,Premium
438,Customer_438,Delhi,Premium
439,Customer_439,Mumbai,Regular
440,Customer_440,Warangal,Regular
441,Customer_441,Bengaluru,Regular
442,Customer_442,Mumbai,VIP
443,Customer_443,Warangal,Regular
444,Customer_444,Delhi,Regular
445,Customer_445,Mumbai,Premium
446,Customer_446,Delhi,Regular
447,Customer_447,Warangal,Premium
448,Customer_448,Delhi,Premium
449,Customer_449,Bengaluru,Regular
450,Customer_450,Warangal,Regular
451,Customer_451,Warangal,Regular
452,Customer_452,Warangal,Regular
453,Customer_453,Hyderabad,Regular
454,Customer_454,Hyderabad,Regular
455,Customer_455,Hyderabad,Regular
456,Customer_456,Bengaluru,Regular
457,Customer_457,Mumbai,Regular
458,Customer_458,Delhi,Regular
459,Customer_459,Pune,Regular
460,Customer_460,Warangal,Regular
461,Customer_461,Delhi,Premium
462,Customer_462,Warangal,Premium
463,Customer_463,Bengaluru,Regular
464,Customer_464,Warangal,Premium
465,Customer_465,Hyderabad,Regular
466,Customer_466,Pune,Premium
467,Customer_467,Chennai,Regular
468,Customer_468,Warangal,VIP
469,Customer_469,Delhi,Premium
470,Customer_470,Hyderabad,Premium
471,Customer_471,Chennai,Premium
472,Customer_472,Pune,Regular
473,Customer_473,Chennai,Regular
474,Customer_474,Hyderabad,Premium
475,Customer_475,Mumbai,Regular
476,Customer_476,Mumbai,Premium
477,Customer_477,Chennai,Regular
478,Customer_478,Bengaluru,Regular
479,Customer_479,Delhi,Regular
480,Customer_480,Delhi,Regular
481,Customer_481,Chennai,Regular
482,Customer_482,Warangal,Regular
483,Customer_483,Warangal,Regular
484,Customer_484,Delhi,Regular
485,Customer_485,Delhi,Regular
486,Customer_486,Mumbai,Premium
487,Customer_487,Bengaluru,Regular
488,Customer_488,Hyderabad,Regular
489,Customer_489,Warangal,Regular
490,Customer_490,Delhi,Premium
491,Customer_491,Mumbai,Regular
492,Customer_492,Pune,Premium
493,Customer_493,Mumbai,VIP
494,Customer_494,Warangal,Regular
495,Customer_495,Warangal,Regular
496,Customer_496,Mumbai,Regular
497,Customer_497,Hyderabad,Regular
498,Customer_498,Chennai,Regular
499,Customer_499,Warangal,VIP
500,Customer_500,Mumbai,Regular
